param_val,x_max
1.0,5.705165775414562
1.0,5.695908680082024
1.0,5.689805127552268
1.0,5.686209737161411
1.0,5.684427798761011
1.0137844611528821,5.72609225590604
1.0137844611528821,5.716538301861897
1.0137844611528821,5.710485266431312
1.0137844611528821,5.707679316952239
1.0137844611528821,5.7061087842330975
1.0275689223057645,5.746084538617468
1.0275689223057645,5.736177005644499
1.0275689223057645,5.7308464352685515
1.0275689223057645,5.728348485197975
1.0275689223057645,5.727180336392191
1.0413533834586466,5.764945680782504
1.0413533834586466,5.755099132478364
1.0413533834586466,5.750640464042422
1.0413533834586466,5.748712840279701
1.0413533834586466,5.747596765078056
1.055137844611529,5.782883971642477
1.055137844611529,5.773590556308442
1.055137844611529,5.769944575013994
1.055137844611529,5.768619389417935
1.055137844611529,5.767729078093176
1.068922305764411,5.800049085107773
1.068922305764411,5.791547996711394
1.068922305764411,5.788857104636533
1.068922305764411,5.7880278799790625
1.068922305764411,5.787257613230651
1.0827067669172932,5.816537460628961
1.0827067669172932,5.809212965707273
1.0827067669172932,5.807403318951402
1.0827067669172932,5.806945971037774
1.0827067669172932,5.80619438298347
1.0964912280701755,5.832394150714666
1.0964912280701755,5.826575394493996
1.0964912280701755,5.8255394962504115
1.0964912280701755,5.825405198775547
1.0964912280701755,5.8247071494085745
1.1102756892230576,5.847909315593876
1.1102756892230576,5.843546725735206
1.1102756892230576,5.843388987986591
1.1102756892230576,5.843618215096802
1.1102756892230576,5.8427415341713544
1.1240601503759398,5.863168060628264
1.1240601503759398,5.860304908146098
1.1240601503759398,5.861020777679373
1.1240601503759398,5.86115092386784
1.1240601503759398,5.860023990011512
1.137844611528822,5.878113432160606
1.137844611528822,5.8769335757227585
1.137844611528822,5.878113227009911
1.137844611528822,5.8783436786494265
1.137844611528822,5.877008667859595
1.1516290726817042,5.892963240281577
1.1516290726817042,5.893381800492416
1.1516290726817042,5.894998426775798
1.1516290726817042,5.894801835104458
1.1516290726817042,5.893196929202775
1.1654135338345863,5.907880683963288
1.1654135338345863,5.90949415682986
1.1654135338345863,5.911482355247082
1.1654135338345863,5.911076891202112
1.1654135338345863,5.909116842555864
1.1791979949874687,5.922696551245328
1.1791979949874687,5.925522654816798
1.1791979949874687,5.927452288159356
1.1791979949874687,5.926719693281826
1.1791979949874687,5.924493616223326
1.1929824561403508,5.937504216824185
1.1929824561403508,5.941359672293621
1.1929824561403508,5.942954685226134
1.1929824561403508,5.941808630758041
1.1929824561403508,5.939346388436742
1.2067669172932332,5.9523434696158555
1.2067669172932332,5.956861428158368
1.2067669172932332,5.9580049805877495
1.2067669172932332,5.956393306035929
1.2067669172932332,5.953743046602947
1.2205513784461153,5.967204713574093
1.2205513784461153,5.971992365778399
1.2205513784461153,5.972592986711496
1.2205513784461153,5.970497806657763
1.2205513784461153,5.96771932083812
1.2343358395989974,5.982035443769338
1.2343358395989974,5.986689024522627
1.2343358395989974,5.986689386569103
1.2343358395989974,5.984124833941491
1.2343358395989974,5.981281773336568
1.2481203007518797,5.99674574439466
1.2481203007518797,6.000968810692833
1.2481203007518797,6.0002500535762655
1.2481203007518797,5.997257505956738
1.2481203007518797,5.994408951987932
1.2619047619047619,6.011213848604424
1.2619047619047619,6.014918384061379
1.2619047619047619,6.013219360394382
1.2619047619047619,6.010011793222542
1.2619047619047619,6.007414685719385
1.2756892230576442,6.0253861833164075
1.2756892230576442,6.028242981149419
1.2756892230576442,6.025708995241571
1.2756892230576442,6.022592560637306
1.2756892230576442,6.020085896068348
1.2894736842105263,6.039478989179203
1.2894736842105263,6.040826242017354
1.2894736842105263,6.0379339260545075
1.2894736842105263,6.03462652798609
1.2894736842105263,6.03226014055844
1.3032581453634084,6.052933592212854
1.3032581453634084,6.053243997105039
1.3032581453634084,6.049457938626598
1.3032581453634084,6.046579395507857
1.3032581453634084,6.044511037708916
1.3170426065162908,6.066045443290944
1.3170426065162908,6.064778089262268
1.3170426065162908,6.060987098013127
1.3170426065162908,6.0580918130752215
1.3170426065162908,6.056200136379378
1.330827067669173,6.078502667907521
1.330827067669173,6.076110423590679
1.330827067669173,6.0718991092013415
1.330827067669173,6.069617769682822
1.330827067669173,6.06785366794237
1.344611528822055,6.090512736161515
1.344611528822055,6.08670065709614
1.344611528822055,6.082804486746334
1.344611528822055,6.080725624997096
1.344611528822055,6.079185157159349
1.3583959899749374,6.1016699697410015
1.3583959899749374,6.097053360329375
1.3583959899749374,6.093443590028609
1.3583959899749374,6.0917045359554525
1.3583959899749374,6.0901240194629285
1.3721804511278195,6.112465621426814
1.3721804511278195,6.107068276540959
1.3721804511278195,6.103804654348334
1.3721804511278195,6.102607394157894
1.3721804511278195,6.100831550755937
1.3859649122807016,6.1225912189581
1.3859649122807016,6.116704067232853
1.3859649122807016,6.114042440230492
1.3859649122807016,6.113223203018308
1.3859649122807016,6.111398781943628
1.399749373433584,6.132058427479662
1.399749373433584,6.1260870314258264
1.399749373433584,6.1243375135820335
1.399749373433584,6.123580373362346
1.399749373433584,6.121634774513891
1.413533834586466,6.140976565153291
1.413533834586466,6.135388194536492
1.413533834586466,6.134468597084966
1.413533834586466,6.133690763099619
1.413533834586466,6.131567904632724
1.4273182957393482,6.149477153507166
1.4273182957393482,6.1447116393187144
1.4273182957393482,6.144449513233327
1.4273182957393482,6.143554888669451
1.4273182957393482,6.141220168248063
1.4411027568922306,6.15777204869203
1.4411027568922306,6.153969960767686
1.4411027568922306,6.154271907485145
1.4411027568922306,6.153165596546725
1.4411027568922306,6.150607743970088
1.454887218045113,6.165805395738075
1.454887218045113,6.163201096213951
1.454887218045113,6.163910101367483
1.454887218045113,6.162512609024775
1.454887218045113,6.159742015080073
1.468671679197995,6.173691027548872
1.468671679197995,6.172415208127892
1.468671679197995,6.17332531436673
1.468671679197995,6.1715850275857695
1.468671679197995,6.1686284245243765
1.4824561403508771,6.18152968942287
1.4824561403508771,6.181596087247016
1.4824561403508771,6.182471680092742
1.4824561403508771,6.180374036928979
1.4824561403508771,6.177357713163859
1.4962406015037595,6.18940270373405
1.4962406015037595,6.190731373175138
1.4962406015037595,6.191301542604383
1.4962406015037595,6.188873661773462
1.4962406015037595,6.186071623844286
1.5100250626566416,6.197527723239769
1.5100250626566416,6.199923918563945
1.5100250626566416,6.199952014367647
1.5100250626566416,6.197080280604345
1.5100250626566416,6.1945689414717995
1.5238095238095237,6.20583078175916
1.5238095238095237,6.208957670886447
1.5238095238095237,6.208357189820521
1.5238095238095237,6.205253345350121
1.5238095238095237,6.202818601000695
1.537593984962406,6.2142958692615275
1.537593984962406,6.217745106094151
1.537593984962406,6.2163916978047595
1.537593984962406,6.213311680061718
1.537593984962406,6.210943417989649
1.5513784461152882,6.222886769759458
1.5513784461152882,6.226196610084224
1.5513784461152882,6.224040029691926
1.5513784461152882,6.221112707164563
1.5513784461152882,6.219117373721922
1.5651629072681703,6.231538315770512
1.5651629072681703,6.234240606050285
1.5651629072681703,6.231506156808715
1.5651629072681703,6.228777024610356
1.5651629072681703,6.226941425591112
1.5789473684210527,6.240256039613562
1.5789473684210527,6.2422311721019215
1.5789473684210527,6.2389055827671545
1.5789473684210527,6.236583613725137
1.5789473684210527,6.234711121115303
1.5927318295739348,6.249172170764338
1.5927318295739348,6.249706466495724
1.5927318295739348,6.245973554799843
1.5927318295739348,6.244084685867222
1.5927318295739348,6.2423266660522
1.606516290726817,6.257861583259889
1.606516290726817,6.256621473361655
1.606516290726817,6.25303103979273
1.606516290726817,6.251655053292902
1.606516290726817,6.249623983013372
1.6203007518796992,6.26618567810294
1.6203007518796992,6.263456348726841
1.6203007518796992,6.260107890429754
1.6203007518796992,6.259073424891148
1.6203007518796992,6.2569302990108575
1.6340852130325814,6.274472126617446
1.6340852130325814,6.2698315251684935
1.6340852130325814,6.266959788746332
1.6340852130325814,6.266331056432883
1.6340852130325814,6.263847185099342
1.6478696741854635,6.282236787743078
1.6478696741854635,6.2758929389896805
1.6478696741854635,6.2741562330297524
1.6478696741854635,6.273497453972603
1.6478696741854635,6.27075982341187
1.6616541353383458,6.289371788861876
1.6616541353383458,6.281964078139678
1.6616541353383458,6.281018116130184
1.6616541353383458,6.280425576244237
1.6616541353383458,6.277424747740801
1.6754385964912282,6.296211443980963
1.6754385964912282,6.28774356452028
1.6754385964912282,6.288268130482564
1.6754385964912282,6.2871133463757936
1.6754385964912282,6.283890956852362
1.6892230576441103,6.30212125372003
1.6892230576441103,6.293855172407703
1.6892230576441103,6.295154103620389
1.6892230576441103,6.293689555527672
1.6892230576441103,6.29046421769351
1.7030075187969924,6.3078137259082805
1.7030075187969924,6.299895004119261
1.7030075187969924,6.302163436089917
1.7030075187969924,6.299814612170603
1.7030075187969924,6.296789991729979
1.7167919799498748,6.312606465589261
1.7167919799498748,6.306345370240574
1.7167919799498748,6.308873792856651
1.7167919799498748,6.305994321871001
1.7167919799498748,6.303039281248017
1.7305764411027569,6.317407315716063
1.7305764411027569,6.313006266432144
1.7305764411027569,6.315179378757503
1.7305764411027569,6.311970942524961
1.7305764411027569,6.309466849518561
1.744360902255639,6.321756531719643
1.744360902255639,6.319770666426558
1.744360902255639,6.321433032518156
1.744360902255639,6.317744476607118
1.744360902255639,6.3157303532830555
1.7581453634085213,6.326374787234244
1.7581453634085213,6.326913310163364
1.7581453634085213,6.327164758024285
1.7581453634085213,6.323580584187648
1.7581453634085213,6.321816670851758
1.7719298245614035,6.331378188172067
1.7719298245614035,6.333764171843157
1.7719298245614035,6.332446897115863
1.7719298245614035,6.329607251282624
1.7719298245614035,6.3276932187058605
1.7857142857142856,6.336859787175059
1.7857142857142856,6.340281736160206
1.7857142857142856,6.33783458973001
1.7857142857142856,6.335591040769354
1.7857142857142856,6.333568644159143
1.799498746867168,6.343449966244154
1.799498746867168,6.346413466962065
1.799498746867168,6.34311169442263
1.799498746867168,6.341473254823186
1.799498746867168,6.339253355128507
1.81328320802005,6.350500784891727
1.81328320802005,6.351651537318133
1.81328320802005,6.348424979392011
1.81328320802005,6.3472399500818995
1.81328320802005,6.3447310312842164
1.8270676691729322,6.358110867757143
1.8270676691729322,6.356270777794036
1.8270676691729322,6.354149621200704
1.8270676691729322,6.352929926969186
1.8270676691729322,6.350082154530533
1.8408521303258145,6.36568159410327
1.8408521303258145,6.360481439039426
1.8408521303258145,6.360270961613232
1.8408521303258145,6.358145494867097
1.8408521303258145,6.355388862929355
1.8546365914786966,6.372771934547187
1.8546365914786966,6.364230633509758
1.8546365914786966,6.366383509539137
1.8546365914786966,6.362853274754952
1.8546365914786966,6.36107009542657
1.8684210526315788,6.379372851189869
1.8684210526315788,6.368381718095184
1.8684210526315788,6.372706023371824
1.8684210526315788,6.367514680089574
1.8684210526315788,6.366792986570795
1.882205513784461,6.385701228638135
1.882205513784461,6.372139343517729
1.882205513784461,6.379025963407724
1.882205513784461,6.371813772472602
1.882205513784461,6.37251928792986
1.8959899749373434,6.393054919340986
1.8959899749373434,6.375213647556509
1.8959899749373434,6.38585240465691
1.8959899749373434,6.375212445269213
1.8959899749373434,6.378757695521967
1.9097744360902256,6.403477719590719
1.9097744360902256,6.3753492053526575
1.9097744360902256,6.39508161347491
1.9097744360902256,6.376925641737363
1.9097744360902256,6.386654231648056
1.9235588972431077,6.419757402971596
1.9235588972431077,6.369777044844484
1.9235588972431077,6.4090840710766805
1.9235588972431077,6.3736368929846225
1.9235588972431077,6.398492398618813
1.93734335839599,6.445036098604209
1.93734335839599,6.354435973721646
1.93734335839599,6.432398879103373
1.93734335839599,6.360777424650745
1.93734335839599,6.418800074192549
1.9511278195488722,6.480405228134856
1.9511278195488722,6.32584125713631
1.9511278195488722,6.46751802157175
1.9511278195488722,6.333835190032914
1.9511278195488722,6.452512522104435
1.9649122807017543,6.524840829183369
1.9649122807017543,6.284000581445126
1.9649122807017543,6.514155333882331
1.9649122807017543,6.290668111347016
1.9649122807017543,6.499593665612596
1.9786967418546366,6.572918889880601
1.9786967418546366,6.232973079274635
1.9786967418546366,6.565552583527144
1.9786967418546366,6.237117735930145
1.9786967418546366,6.552776267990259
1.9924812030075187,6.618993618623994
1.9924812030075187,6.180766661983488
1.9924812030075187,6.614145814130202
1.9924812030075187,6.182720221855395
1.9924812030075187,6.602562706825385
2.006265664160401,6.6601078021392786
2.006265664160401,6.13229437171358
2.006265664160401,6.65614531893465
2.006265664160401,6.134069572071694
2.006265664160401,6.644804666852053
2.020050125313283,6.6953304129527185
2.020050125313283,6.089136326095704
2.020050125313283,6.692183324623788
2.020050125313283,6.091274661727781
2.020050125313283,6.680476281433709
2.033834586466165,6.726325711867305
2.033834586466165,6.0494610580100225
2.033834586466165,6.7234355698497525
2.033834586466165,6.053344536914466
2.033834586466165,6.711240415649299
2.0476190476190474,6.753754436105306
2.0476190476190474,6.011949439712176
2.0476190476190474,6.751379556541529
2.0476190476190474,6.0193035618262485
2.0476190476190474,6.738030708130087
2.06140350877193,6.776421229484674
2.06140350877193,5.973617148787304
2.06140350877193,6.777178597607979
2.06140350877193,5.989490705457969
2.06140350877193,6.761956024083888
2.075187969924812,6.7854707606433005
2.075187969924812,5.92962173909545
2.075187969924812,6.801750262380686
2.075187969924812,5.9660083260872065
2.075187969924812,6.782928518414608
2.0889724310776945,6.7255603549421235
2.0889724310776945,5.97855802569872
2.0889724310776945,6.814476079415407
2.0889724310776945,5.89807546581556
2.0889724310776945,6.809570759275179
2.1027568922305764,6.367334232837068
2.1027568922305764,6.5653359995422385
2.1027568922305764,6.260361651468403
2.1027568922305764,6.674395673073766
2.1027568922305764,6.056222175442607
2.1165413533834583,5.83463154665
2.1165413533834583,6.859006083876517
2.1165413533834583,5.907091482384194
2.1165413533834583,6.845546468710035
2.1165413533834583,5.868268648246952
2.1303258145363406,5.852730639675728
2.1303258145363406,6.871858329046572
2.1303258145363406,5.852962323462094
2.1303258145363406,6.864391171284134
2.1303258145363406,5.865791923574829
2.144110275689223,5.870285613660378
2.144110275689223,6.888029379779597
2.144110275689223,5.790708327169198
2.144110275689223,6.876300994248117
2.144110275689223,5.888731158094471
2.1578947368421053,5.710035594798727
2.1578947368421053,6.885050292619376
2.1578947368421053,5.946968803714535
2.1578947368421053,6.889589211965092
2.1578947368421053,5.706371953270105
2.1716791979949877,5.6454144233268115
2.1716791979949877,6.882681910223542
2.1716791979949877,6.010674123031068
2.1716791979949877,6.890339045329061
2.1716791979949877,5.643284372210682
2.1854636591478696,5.938853574357565
2.1854636591478696,6.9321843620643255
2.1854636591478696,5.582802687569719
2.1854636591478696,6.869862134039723
2.1854636591478696,6.0865280858447255
2.199248120300752,5.740184132503039
2.199248120300752,6.938231846103221
2.199248120300752,5.7597970340510125
2.199248120300752,6.934943063828424
2.199248120300752,5.743203897696263
2.213032581453634,6.84741144295625
2.213032581453634,6.2705868495008685
2.213032581453634,6.755700036653498
2.213032581453634,5.865065347461044
2.213032581453634,6.965851741610362
2.226817042606516,6.799767311458524
2.226817042606516,5.746948782476005
2.226817042606516,6.974179592276338
2.226817042606516,5.6425786490922665
2.226817042606516,6.930367128758913
2.2406015037593985,7.001863500773874
2.2406015037593985,5.3499529208714875
2.2406015037593985,6.830269502264141
2.2406015037593985,6.363227330446275
2.2406015037593985,6.6457868431278815
2.254385964912281,6.81194958284177
2.254385964912281,6.4591198360358195
2.254385964912281,6.498406531318006
2.254385964912281,6.482672823536572
2.254385964912281,6.4978125925081756
2.2681704260651627,6.983926029790501
2.2681704260651627,5.73834969063205
2.2681704260651627,7.012683128400214
2.2681704260651627,5.500505087421844
2.2681704260651627,6.918953500499588
2.281954887218045,7.0236018126446655
2.281954887218045,5.530375998867113
2.281954887218045,6.953291884986187
2.281954887218045,5.904120508292944
2.281954887218045,7.03797851297723
2.295739348370927,6.5770063596540655
2.295739348370927,6.2580643579587765
2.295739348370927,6.901151436146148
2.295739348370927,5.380542460648509
2.3095238095238093,6.169660251495477
2.3095238095238093,6.975009944384814
2.3095238095238093,5.1584477966523705
2.3095238095238093,6.799199367905765
2.3233082706766917,6.428331752972245
2.3233082706766917,6.67622308535011
2.3233082706766917,6.070284191561071
2.3233082706766917,7.067057721415297
2.337092731829574,5.675117590588181
2.337092731829574,7.075369810501791
2.337092731829574,5.349761976721805
2.337092731829574,6.919017389267235
2.337092731829574,6.140592742837775
2.3508771929824563,7.056088489498307
2.3508771929824563,4.830776011491817
2.3508771929824563,6.685447560963595
2.3508771929824563,6.8344538427245904
2.3508771929824563,5.45865511541435
2.3646616541353382,6.939249386959051
2.3646616541353382,6.132022461113808
2.3646616541353382,7.073125360941215
2.3646616541353382,4.751595087609481
2.3646616541353382,6.641060736050102
2.3784461152882206,6.78564238320126
2.3784461152882206,5.641073196633663
2.3784461152882206,7.101617335407379
2.3784461152882206,5.268286475129926
2.3784461152882206,6.914718151646511
2.3922305764411025,5.246540127048592
2.3922305764411025,6.918888201441869
2.3922305764411025,6.242018812125944
2.3922305764411025,6.98886070687476
2.406015037593985,4.65515620306704
2.406015037593985,6.636608299745786
2.406015037593985,6.945966037963254
2.406015037593985,5.018350170348776
2.406015037593985,6.820633944440457
2.419799498746867,7.018229191988874
2.419799498746867,4.824511158169365
2.419799498746867,6.751159856099203
2.419799498746867,6.738148864853072
2.419799498746867,5.81322237553362
2.4335839598997495,5.663791293418678
2.4335839598997495,7.084262929064208
2.4335839598997495,5.738321842995454
2.4335839598997495,7.187907653364783
2.4335839598997495,4.726057470696652
2.4473684210526314,6.289889158116139
2.4473684210526314,7.053153808549709
2.4473684210526314,4.6564687364131325
2.4473684210526314,6.672642845572646
2.4473684210526314,6.8946286558522045
2.4611528822055138,4.34574235952107
2.4611528822055138,6.397207812228285
2.4611528822055138,7.29608915177613
2.4611528822055138,3.860163246536348
2.4611528822055138,5.359280078374656
2.4749373433583957,3.9548534233638692
2.4749373433583957,5.613103660192658
2.4749373433583957,7.07602744664966
2.4749373433583957,5.816603484058947
2.488721804511278,4.239815381264837
2.488721804511278,6.266201444965722
2.488721804511278,7.39758162640782
2.488721804511278,4.145964895500944
2.488721804511278,6.124575940316076
2.5025062656641603,5.123318268893334
2.5025062656641603,6.959038268589526
2.5025062656641603,6.1661158433350565
2.5025062656641603,7.217555148695572
2.5025062656641603,4.023714300430299
2.5162907268170427,5.972531097200992
2.5162907268170427,7.345949141559551
2.5162907268170427,3.845199675062036
2.5162907268170427,5.368377779402187
2.5162907268170427,6.9364697465223735
2.530075187969925,4.032473672822583
2.530075187969925,5.946245389580164
2.530075187969925,7.367571986071541
2.530075187969925,3.967667642658813
2.530075187969925,5.654095447331875
2.543859649122807,4.377123176086891
2.543859649122807,6.5369785443415225
2.543859649122807,7.200789051995824
2.543859649122807,4.054080506566094
2.543859649122807,5.943873820649854
2.557644110275689,4.05315927038386
2.557644110275689,6.012019643341935
2.557644110275689,7.433837939418735
2.557644110275689,3.871985005555604
2.557644110275689,5.486413765278112
2.571428571428571,6.188137369516227
2.571428571428571,7.503831552013417
2.571428571428571,5.051649910188774
2.571428571428571,6.923112234325968
2.5852130325814535,6.843487713049767
2.5852130325814535,6.680339814137382
2.5852130325814535,6.109558769749584
2.5852130325814535,7.382644201964714
2.598997493734336,4.326507433597365
2.598997493734336,6.529127731095353
2.598997493734336,7.251667699085186
2.598997493734336,4.311627905982409
2.612781954887218,6.859346049660955
2.612781954887218,6.485320442342821
2.612781954887218,6.7952156778092085
2.612781954887218,5.713389891346382
2.612781954887218,7.363779461225516
2.6265664160401,7.53578748217614
2.6265664160401,5.115969962751672
2.6265664160401,6.977985002083064
2.6265664160401,6.321803152511916
2.6403508771929824,6.495074944957191
2.6403508771929824,6.793010853398702
2.6403508771929824,5.732636522651808
2.6403508771929824,7.402891795112453
2.6541353383458643,7.497182692489509
2.6541353383458643,5.103981542779168
2.6541353383458643,6.996865227134197
2.6541353383458643,6.246411295902478
2.6679197994987467,4.273782362173949
2.6679197994987467,6.549913718252092
2.6679197994987467,7.277698671419669
2.6679197994987467,4.789120893346705
2.681704260651629,6.411387518208304
2.681704260651629,7.106050174049329
2.681704260651629,4.360144557168201
2.681704260651629,6.6496613662685515
2.6954887218045114,6.891977385915627
2.6954887218045114,6.439329926413563
2.6954887218045114,7.0109322914227565
2.6954887218045114,4.720706250185547
2.7092731829573933,7.481341259948702
2.7092731829573933,4.462952263765866
2.7092731829573933,6.820012503370956
2.7092731829573933,6.607631502583011
2.7092731829573933,6.471393950771482
2.7230576441102756,7.62768543294978
2.7230576441102756,6.088780342101684
2.7230576441102756,5.600926446648507
2.7230576441102756,7.376387481450986
2.7368421052631575,6.070816201060664
2.7368421052631575,7.645002770089622
2.7368421052631575,6.30797081443725
2.7368421052631575,10.549959683198196
2.75062656641604,6.164333844483424
2.75062656641604,7.640273755825295
2.75062656641604,10.431980481534763
2.764411027568922,13.676367968252709
2.764411027568922,10.735725119713477
2.764411027568922,13.082468282048525
2.764411027568922,13.054114160669485
2.7781954887218046,7.691634249232218
2.7781954887218046,10.385227738800005
2.7781954887218046,12.697268867840059
2.7781954887218046,13.980778138558502
2.791979949874687,13.260997655363857
2.791979949874687,12.603730810045397
2.791979949874687,13.702703087638584
2.791979949874687,12.301774590602074
2.805764411027569,13.917883013135748
2.805764411027569,16.717646470128198
2.805764411027569,18.994260456458424
2.805764411027569,20.262559167630258
2.819548872180451,12.135363699587025
2.819548872180451,13.86657848576069
2.819548872180451,12.066077303363711
2.819548872180451,13.799741826092088
2.833333333333333,13.910134861662582
2.833333333333333,12.477025319206533
2.833333333333333,13.998375740822171
2.833333333333333,16.745932041396486
2.8471177944862154,13.974074733148719
2.8471177944862154,12.226836286129137
2.8471177944862154,12.216571094850888
2.8471177944862154,13.968083422108116
2.8471177944862154,12.478231618045276
2.8609022556390977,12.513841580065757
2.8609022556390977,13.921850108171759
2.8609022556390977,16.700750005357282
2.8609022556390977,18.986130664601745
2.87468671679198,18.63531497458455
2.87468671679198,19.172189614318395
2.87468671679198,20.458633817661568
2.87468671679198,23.043523124891873
2.888471177944862,16.72120693798506
2.888471177944862,19.008259264922852
2.888471177944862,20.332777295592035
2.888471177944862,18.774865413534016
2.9022556390977443,11.927715743007292
2.9022556390977443,11.682950440882728
2.9022556390977443,10.96416333513607
2.9022556390977443,11.334655148080392
2.916040100250626,11.306019224599527
2.916040100250626,10.80230497980126
2.916040100250626,11.73803112195053
2.916040100250626,11.278802213192424
2.9298245614035086,11.404325462423468
2.9298245614035086,10.742595910115936
2.9298245614035086,11.867723493257806
2.9298245614035086,11.532516299449203
2.9298245614035086,10.832660021082788
2.943609022556391,11.528275016023088
2.943609022556391,10.94931807572602
2.943609022556391,11.351504164935063
2.943609022556391,10.958248579818974
2.943609022556391,11.39833632088762
2.9573934837092732,10.91708935061664
2.9573934837092732,11.47431971954299
2.9573934837092732,10.922072781785076
2.9573934837092732,11.433641112000352
2.9573934837092732,10.954702760517876
2.9711779448621556,12.47069557653306
2.9711779448621556,13.235084148356208
2.9711779448621556,13.622459060119128
2.9711779448621556,12.600769336944966
2.9849624060150375,10.832836711193075
2.9849624060150375,11.514005297756103
2.9849624060150375,10.875809331553397
2.9849624060150375,11.496984540747288
2.9849624060150375,10.920835327362903
2.9987468671679194,11.380767221328464
2.9987468671679194,10.646550177535321
2.9987468671679194,12.065367085584725
2.9987468671679194,11.965377656024284
2.9987468671679194,11.40528343716509
3.0125313283208017,16.99360403201245
3.0125313283208017,18.38947608513444
3.0125313283208017,18.09697121162999
3.0125313283208017,17.08814696127878
3.0125313283208017,17.796813341060492
3.026315789473684,11.329938413702378
3.026315789473684,10.616869682628682
3.026315789473684,12.168247986141152
3.026315789473684,12.305925082947894
3.0401002506265664,7.235480174779382
3.0401002506265664,4.954527974878213
3.0401002506265664,7.243001738568506
3.0401002506265664,4.933762457656026
3.0401002506265664,7.251557609195688
3.0538847117794483,12.263898524206521
3.0538847117794483,12.627128637993053
3.0538847117794483,13.82893253043413
3.0538847117794483,11.198439235948888
3.0538847117794483,13.385012477548704
3.0676691729323307,7.6491981053076215
3.0676691729323307,5.709262130434217
3.0676691729323307,6.532260095158647
3.0676691729323307,7.317604714054444
3.0676691729323307,6.033645256082725
3.081453634085213,7.26135488135008
3.081453634085213,4.783118711844718
3.081453634085213,7.264256625671782
3.081453634085213,4.758602138573806
3.081453634085213,7.266950226645426
3.095238095238095,7.260321981178744
3.095238095238095,4.862265267041087
3.095238095238095,7.268415118968305
3.095238095238095,4.796576943991166
3.095238095238095,7.2768382233298965
3.1090225563909772,7.273976909048502
3.1090225563909772,4.767527396608132
3.1090225563909772,7.281492037440942
3.1090225563909772,4.713407293839294
3.1090225563909772,7.282565060202183
3.1228070175438596,10.947719887969129
3.1228070175438596,13.497723509151516
3.1228070175438596,11.365676939326805
3.1228070175438596,13.485941098593605
3.1228070175438596,11.678861342326808
3.136591478696742,10.596873774562095
3.136591478696742,12.29793413591626
3.136591478696742,12.777099623619023
3.136591478696742,14.368943876984233
3.150375939849624,7.098518232631393
3.150375939849624,5.408584391622312
3.150375939849624,7.381058282279185
3.150375939849624,4.616801717625142
3.164160401002506,11.004688937453722
3.164160401002506,11.22334300478965
3.164160401002506,10.829785993518799
3.164160401002506,11.686519389492036
3.164160401002506,10.90154201519684
3.1779448621553885,17.34210459234731
3.1779448621553885,17.031778799253775
3.1779448621553885,18.051191728866506
3.1779448621553885,17.13258056058034
3.1917293233082704,16.568841914682324
3.1917293233082704,19.26363909522971
3.1917293233082704,20.602353556123045
3.1917293233082704,24.140030356380763
3.1917293233082704,23.70232834923478
3.2055137844611528,12.962600415905532
3.2055137844611528,13.219578633718292
3.2055137844611528,11.621441117902517
3.2055137844611528,13.629767999517192
3.219298245614035,16.491776565985116
3.219298245614035,19.349147690569744
3.219298245614035,20.24182980440456
3.219298245614035,23.832246493545025
3.219298245614035,23.575446741420755
3.233082706766917,16.513505735361026
3.233082706766917,19.35582161977277
3.233082706766917,20.2664267734682
3.233082706766917,23.888689076834435
3.233082706766917,23.532825205406635
3.2468671679197993,13.810295547205014
3.2468671679197993,11.636032435317802
3.2468671679197993,13.477282954671377
3.2468671679197993,11.944760736089636
3.2606516290726817,11.041401893093566
3.2606516290726817,10.883656069033918
3.2606516290726817,11.506817392026571
3.2606516290726817,10.589042300741768
3.2606516290726817,12.41698743880325
3.2744360902255636,17.266050994605656
3.2744360902255636,17.61120809607448
3.2744360902255636,16.5880832811889
3.2744360902255636,19.3062619512169
3.2744360902255636,20.60103356075263
3.288220551378446,11.313497515699938
3.288220551378446,13.376693850409842
3.288220551378446,12.635002733797121
3.288220551378446,14.320869795561938
3.288220551378446,17.96880460633267
3.3020050125313283,12.157065738999217
3.3020050125313283,11.979060879331005
3.3020050125313283,11.072816404538301
3.3020050125313283,10.842803953614812
3.3157894736842106,12.090816304244573
3.3157894736842106,11.26094439317069
3.3157894736842106,10.36834254179026
3.3157894736842106,13.047316057272072
3.3295739348370925,14.581473063928456
3.3295739348370925,18.133084497206283
3.3295739348370925,17.905658977204965
3.3295739348370925,16.462354732111912
3.343358395989975,7.100220241553748
3.343358395989975,6.019770967880464
3.343358395989975,8.272240584472081
3.343358395989975,11.871972145925703
3.357142857142857,7.968086333370065
3.357142857142857,11.471901674225045
3.357142857142857,10.804293296864474
3.357142857142857,11.516788946729527
3.357142857142857,10.40934699381223
3.370927318295739,12.290364353761163
3.370927318295739,14.49938859786005
3.370927318295739,18.10464769333125
3.370927318295739,17.6300313422768
3.3847117794486214,14.480165318941607
3.3847117794486214,18.101456681911696
3.3847117794486214,17.891047003529515
3.3847117794486214,16.466358078811297
3.398496240601504,10.95372940707636
3.398496240601504,10.979790313006198
3.398496240601504,11.141077264836659
3.398496240601504,10.749877244160826
3.398496240601504,11.948133162563192
3.4122807017543857,10.408714350076245
3.4122807017543857,13.05909432673038
3.4122807017543857,14.484561735001225
3.4122807017543857,18.052788952951992
3.4122807017543857,17.836023257798928
3.426065162907268,12.349553126388194
3.426065162907268,14.586450426670979
3.426065162907268,18.214254896532605
3.426065162907268,17.864913744299923
3.426065162907268,16.477519150450714
3.4398496240601504,12.157157246187705
3.4398496240601504,14.315852965599342
3.4398496240601504,17.926126705898344
3.4398496240601504,17.066691970028966
3.4536340852130323,10.223663961327306
3.4536340852130323,13.333417156241513
3.4536340852130323,12.45702095594687
3.4536340852130323,14.68707749322517
3.4674185463659146,10.217820122288924
3.4674185463659146,13.352018515091459
3.4674185463659146,12.27228724709685
3.4674185463659146,14.527721043479719
3.481203007518797,13.401050528230911
3.481203007518797,12.016555750134973
3.481203007518797,14.030117999218062
3.481203007518797,17.19302673146831
3.481203007518797,17.844146914264133
3.494987468671679,18.438619339598436
3.494987468671679,18.487428125726282
3.494987468671679,17.668839070369245
3.494987468671679,16.58517230856405
3.508771929824561,6.344075593643819
3.508771929824561,7.758486469601189
3.508771929824561,10.843726915973715
3.508771929824561,11.874919399017754
3.508771929824561,10.56979876913821
3.5225563909774436,13.452523685968792
3.5225563909774436,11.865767409048177
3.5225563909774436,13.755005703744732
3.5225563909774436,12.350253779224937
3.5363408521303255,8.058111645569385
3.5363408521303255,11.820151307470615
3.5363408521303255,11.10444838607562
3.5363408521303255,10.493289618133915
3.5363408521303255,12.936805167414972
3.550125313283208,16.87272551409553
3.550125313283208,19.417002617117276
3.550125313283208,20.70220889790657
3.550125313283208,24.298542349127263
3.550125313283208,23.87953062104609
3.56390977443609,13.211548910376928
3.56390977443609,12.070542089738542
3.56390977443609,14.252114431763545
3.56390977443609,17.969806611070265
3.5776942355889725,14.800065756207337
3.5776942355889725,18.35605728952927
3.5776942355889725,18.547659959640367
3.5776942355889725,17.932438652048603
3.5776942355889725,16.63942781786091
3.5914786967418544,10.35776623160099
3.5914786967418544,13.477775038090405
3.5914786967418544,11.85897685119452
3.5914786967418544,13.735679918828
3.5914786967418544,12.329841829993974
3.6052631578947367,18.040311353379117
3.6052631578947367,17.59172094271334
3.6052631578947367,16.759060181851005
3.6052631578947367,19.642711054761694
3.619047619047619,10.398078120861106
3.619047619047619,13.289814632374878
3.619047619047619,13.301920962991591
3.619047619047619,12.27491786610216
3.632832080200501,17.84195452186569
3.632832080200501,17.04124884362658
3.632832080200501,19.04785372134728
3.632832080200501,20.9778918580522
3.6466165413533833,14.668119642824037
3.6466165413533833,18.125452194678573
3.6466165413533833,17.943431918959185
3.6466165413533833,16.89170855339201
3.6466165413533833,19.44564674996022
3.6604010025062657,17.280001245988608
3.6604010025062657,16.84712526982377
3.6604010025062657,18.944585021397444
3.6604010025062657,20.551184381483637
3.6741854636591476,12.091361686736029
3.6741854636591476,14.220640579826044
3.6741854636591476,17.993879863125905
3.6741854636591476,16.798204003946545
3.6741854636591476,19.000020704682896
3.68796992481203,17.521979274926448
3.68796992481203,16.886986969284706
3.68796992481203,19.42982130166632
3.68796992481203,20.816770483355967
3.7017543859649122,15.06404389014057
3.7017543859649122,18.62684568305846
3.7017543859649122,19.525218122382967
3.7017543859649122,20.671682507221917
3.7017543859649122,24.224715704225005
3.715538847117794,13.310400377345468
3.715538847117794,13.661901197933695
3.715538847117794,17.705290517531832
3.715538847117794,16.74606111341778
3.715538847117794,19.32513741660344
3.7293233082706765,18.76625812339471
3.7293233082706765,20.063764146527323
3.7293233082706765,19.05966140654256
3.7293233082706765,21.022168422072518
3.743107769423559,13.239957908882127
3.743107769423559,13.962190448209109
3.743107769423559,18.009435200947976
3.743107769423559,17.13376753140228
3.743107769423559,17.42214967429845
3.756892230576441,17.345736684564912
3.756892230576441,16.740138615920873
3.756892230576441,19.579565579301484
3.756892230576441,19.762570433926275
3.770676691729323,18.276954447624906
3.770676691729323,17.332688003854813
3.770676691729323,16.747939961808076
3.770676691729323,19.584152161956776
3.770676691729323,19.741860082844266
3.7844611528822054,10.394383612746749
3.7844611528822054,13.595107044884271
3.7844611528822054,12.308977820214489
3.7844611528822054,14.81355955119491
3.7844611528822054,18.516672488794626
3.7982456140350878,13.010071588162866
3.7982456140350878,15.174717678243708
3.7982456140350878,18.762676983631394
3.7982456140350878,20.22198765736908
3.7982456140350878,23.43117401921896
3.8120300751879697,12.448572384768896
3.8120300751879697,12.961435047255366
3.8120300751879697,15.288707678737037
3.8120300751879697,18.89769361367969
3.8120300751879697,20.687504614886574
3.825814536340852,10.508088536527517
3.825814536340852,13.351645833802518
3.825814536340852,13.084033456867765
3.825814536340852,12.883327231126687
3.8395989974937343,17.15645398073872
3.8395989974937343,18.563665318168688
3.8395989974937343,18.056776793056635
3.8395989974937343,17.11343979094674
3.8533834586466162,23.42154311147181
3.8533834586466162,23.46834184269747
3.8533834586466162,23.536249780771445
3.8533834586466162,23.33648216164996
3.8671679197994986,18.844794585978107
3.8671679197994986,21.436376533817526
3.8671679197994986,25.07487649486731
3.8671679197994986,26.554297420952025
3.880952380952381,12.424315303975797
3.880952380952381,15.11680211354305
3.880952380952381,18.826777790325426
3.880952380952381,20.503889072220165
3.880952380952381,24.361670679208903
3.894736842105263,11.051055100653993
3.894736842105263,11.738681335108414
3.894736842105263,10.786684619156903
3.894736842105263,12.753315543870036
3.908521303258145,17.38002474714322
3.908521303258145,17.789855751449142
3.908521303258145,17.645524531467867
3.9223057644110275,5.767298623162761
3.9223057644110275,4.5222036883833905
3.9223057644110275,5.369159974559358
3.9223057644110275,4.471674057564755
3.9360902255639094,10.993141956105243
3.9360902255639094,11.913925215703426
3.9360902255639094,10.473931674774322
3.9360902255639094,13.516979715776802
3.9498746867167918,11.107188044913329
3.9498746867167918,10.814886334017132
3.9498746867167918,11.478493252734056
3.9498746867167918,11.364526779925928
3.963659147869674,24.119936448232778
3.963659147869674,18.437345975780328
3.963659147869674,21.15285758036054
3.963659147869674,24.319818649139663
3.963659147869674,24.134216333310015
3.977443609022556,12.35095363492928
3.977443609022556,13.047429559099317
3.977443609022556,15.387690240874017
3.977443609022556,19.063937801933243
3.977443609022556,21.344092986946386
3.9912280701754383,18.502919581328563
3.9912280701754383,18.16149898517895
3.9912280701754383,17.67974085085885
3.9912280701754383,16.896651530483535
4.005012531328321,4.663816305687262
4.005012531328321,4.754784038976367
4.005012531328321,4.505907109677775
4.005012531328321,5.673892676485566
4.018796992481203,4.587085160704816
4.018796992481203,5.110992288348945
4.018796992481203,4.932744049876448
4.018796992481203,5.100086544520953
4.032581453634085,6.526071491274547
4.032581453634085,8.687834424539432
4.032581453634085,11.786088902064588
4.032581453634085,11.702995273924747
4.032581453634085,6.394159286090176
4.046365914786968,5.146803762793425
4.046365914786968,4.618377533582091
4.046365914786968,4.959322792321401
4.046365914786968,4.572338404549631
4.046365914786968,6.2068720002124085
4.06015037593985,27.20121035916894
4.06015037593985,31.08116573233183
4.06015037593985,30.523518899304843
4.06015037593985,24.545893035842088
4.06015037593985,27.7331297450204
4.0739348370927315,10.845364178513039
4.0739348370927315,11.461457797794417
4.0739348370927315,6.42834420738683
4.0739348370927315,7.927712497863774
4.0739348370927315,11.592112503284362
4.087719298245614,8.623372318552802
4.087719298245614,12.510717537451521
4.087719298245614,14.109795381512042
4.087719298245614,18.094158681634205
4.087719298245614,17.306603148774222
4.101503759398496,-0.06501125515744788
4.101503759398496,1.3204547355352152
4.101503759398496,5.570815708188718
4.101503759398496,4.908415897339354
4.101503759398496,4.937727238924487
4.115288220551378,10.68657850741623
4.115288220551378,12.809285083422365
4.115288220551378,15.193515609905692
4.115288220551378,19.01946542457541
4.115288220551378,21.35638521093398
4.12907268170426,7.077567858149698
4.12907268170426,7.44236582573692
4.12907268170426,11.837217542401948
4.12907268170426,10.604582322982122
4.12907268170426,12.739695543539215
4.142857142857142,27.840999335404607
4.142857142857142,31.606754455836352
4.142857142857142,33.71176610806523
4.142857142857142,37.478446904256664
4.142857142857142,37.46111848957233
4.156641604010025,18.726590198662468
4.156641604010025,18.766496572973942
4.156641604010025,18.8544242249462
4.156641604010025,19.62104650532229
4.170426065162907,31.699129170015734
4.170426065162907,34.03634746147631
4.170426065162907,37.798602834342255
4.170426065162907,39.48532508966008
4.170426065162907,43.48678821557221
4.184210526315789,31.70587918248347
4.184210526315789,34.06768688771721
4.184210526315789,37.83475512177195
4.184210526315789,39.69435597260364
4.184210526315789,43.58861701056866
4.197994987468672,12.959720703452815
4.197994987468672,15.657997910170403
4.197994987468672,19.1236255498435
4.197994987468672,21.585978493986914
4.197994987468672,25.39121853469502
4.211779448621554,4.442755672501941
4.211779448621554,6.455215278109743
4.211779448621554,8.76333943052914
4.211779448621554,12.621733134520792
4.211779448621554,14.864393871595954
4.225563909774436,-0.11570416039595546
4.225563909774436,1.7636485911035484
4.225563909774436,5.153162669588773
4.225563909774436,4.9746765139581255
4.225563909774436,0.04974247256350511
4.239348370927319,-0.14753299825483335
4.239348370927319,1.925532316157643
4.239348370927319,5.00511404519173
4.239348370927319,5.298071364407382
4.239348370927319,-0.3374714625730959
4.2531328320802,4.489045796433215
4.2531328320802,6.211601672121107
4.2531328320802,6.804053628346777
4.2531328320802,9.387978134836649
4.2531328320802,13.147629108601766
4.2669172932330826,1.499346636491587
4.2669172932330826,5.473139797440306
4.2669172932330826,4.734758018354911
4.2669172932330826,4.483059652066557
4.2669172932330826,6.1445096293437835
4.280701754385965,12.801038763563932
4.280701754385965,15.532234760282275
4.280701754385965,19.29361321336634
4.280701754385965,21.774008752290246
4.280701754385965,25.568755711157415
4.294486215538846,12.468342100624577
4.294486215538846,13.854843940120418
4.294486215538846,17.446852650012456
4.294486215538846,17.743511707636916
4.308270676691729,8.474782598083419
4.308270676691729,11.17934716873352
4.308270676691729,11.807336746500775
4.308270676691729,6.030744807050954
4.308270676691729,8.772202722147778
4.322055137844611,5.022162614935911
4.322055137844611,-0.3901576167431452
4.322055137844611,2.8110162396511065
4.322055137844611,6.27132502364291
4.322055137844611,8.971815541022183
4.335839598997493,5.633807029375103
4.335839598997493,5.214373573504593
4.335839598997493,4.461310253746731
4.335839598997493,6.1506330270816925
4.349624060150376,5.937588720358728
4.349624060150376,4.800951926092913
4.349624060150376,4.934485552720499
4.349624060150376,4.7303421210072125
4.363408521303258,11.09673144920574
4.363408521303258,11.11910811023531
4.363408521303258,11.503839493142406
4.37719298245614,7.059568065105672
4.37719298245614,8.694088311799328
4.37719298245614,11.43693980449958
4.37719298245614,11.272943193769114
4.390977443609023,11.276533840051277
4.390977443609023,5.788189231536311
4.390977443609023,9.306984037205925
4.390977443609023,13.358598708514272
4.390977443609023,13.119081401476592
4.404761904761905,14.493750741001556
4.404761904761905,17.5890389584848
4.404761904761905,17.134644575976385
4.404761904761905,17.362017068701594
4.404761904761905,17.820179562300634
4.4185463659147866,6.847754371306413
4.4185463659147866,8.222692714011176
4.4185463659147866,11.26509691402836
4.4185463659147866,11.056042157405514
4.4185463659147866,11.514632574709426
4.432330827067669,4.793417926528421
4.432330827067669,5.048600073475232
4.432330827067669,-0.49781435416486897
4.432330827067669,3.101635226732192
4.446115288220551,8.624484176761051
4.446115288220551,11.121047555098253
4.446115288220551,11.913295242482254
4.446115288220551,5.9775724855724475
4.446115288220551,9.133134508356534
4.459899749373434,9.493164928963916
4.459899749373434,13.130727237539654
4.459899749373434,15.475949746184792
4.459899749373434,19.330812654366042
4.459899749373434,21.634217966831645
4.473684210526315,5.377959561085671
4.473684210526315,-0.6213212637594703
4.473684210526315,3.276503249704239
4.473684210526315,6.969485999982763
4.487468671679197,17.853029770982857
4.487468671679197,12.815232395341848
4.487468671679197,17.81383073891523
4.487468671679197,12.422899507003596
4.487468671679197,14.931495942216781
4.50125313283208,11.757325763579159
4.50125313283208,5.569362272741592
4.50125313283208,9.52115647463484
4.50125313283208,13.201095033246574
4.50125313283208,15.085937019360378
4.515037593984962,6.206214326325604
4.515037593984962,6.42879556470605
4.515037593984962,8.433350082560935
4.515037593984962,12.302164460119823
4.515037593984962,12.716551344862712
4.528822055137844,11.432026855586978
4.528822055137844,5.355066660286021
4.528822055137844,9.437669800727708
4.528822055137844,13.41955580172257
4.528822055137844,13.268539789735582
4.542606516290727,15.320507842730722
4.542606516290727,18.537967790154198
4.542606516290727,19.359240181553783
4.542606516290727,22.213423024623616
4.542606516290727,24.822696294560778
4.556390977443609,17.067659338601814
4.556390977443609,18.081596515309073
4.556390977443609,11.748721445344618
4.556390977443609,15.763698106696365
4.556390977443609,19.57684238218372
4.5701754385964914,12.547164507912342
4.5701754385964914,14.847131829745534
4.5701754385964914,17.175742504289563
4.5701754385964914,19.020870939545926
4.5701754385964914,21.207465234018308
4.583959899749374,11.18863124877507
4.583959899749374,10.94734927604637
4.583959899749374,11.328503977396059
4.583959899749374,5.401853497269425
4.583959899749374,9.55421632210729
4.597744360902255,12.207487893206663
4.597744360902255,15.720642085909912
4.597744360902255,19.952418638772777
4.597744360902255,24.027755955909775
4.597744360902255,17.711230217711886
4.611528822055138,15.625667508317163
4.611528822055138,19.81667834154321
4.611528822055138,20.992555365316843
4.611528822055138,23.696550365827843
4.611528822055138,23.789772841327697
4.62531328320802,17.764146463241335
4.62531328320802,11.744138979272325
4.62531328320802,15.791884661040026
4.62531328320802,19.558622848442504
4.639097744360902,12.20020178232459
4.639097744360902,15.780027691270478
4.639097744360902,19.97212696876183
4.639097744360902,24.03912083646525
4.639097744360902,17.65184447297515
4.652882205513784,17.848916348247034
4.652882205513784,17.917725751346058
4.652882205513784,12.146895573624445
4.652882205513784,15.837607835969703
4.666666666666666,20.543866355437924
4.666666666666666,24.0952792285911
4.666666666666666,18.941937248298924
4.666666666666666,21.4705610661126
4.680451127819548,15.531997163612449
4.680451127819548,19.709184084169962
4.680451127819548,19.97223942773971
4.680451127819548,24.56920377315507
4.680451127819548,19.056492509911
4.694235588972431,17.617433974291355
4.694235588972431,17.476357925933925
4.694235588972431,17.823415491212355
4.694235588972431,12.162134552647915
4.708020050125313,19.412992608754273
4.708020050125313,22.09018169639641
4.708020050125313,26.01209506639137
4.708020050125313,26.21967638041807
4.708020050125313,30.84046390075049
4.7218045112781954,15.865094547592863
4.7218045112781954,19.235401017345204
4.7218045112781954,22.286105529955787
4.7218045112781954,23.972977440410684
4.7218045112781954,17.46813034298792
4.735588972431078,23.89547528808467
4.735588972431078,17.659618019017273
4.735588972431078,21.881251783626396
4.735588972431078,26.151565857677056
4.74937343358396,11.131384058228594
4.74937343358396,5.698592373698293
4.74937343358396,9.76600869513883
4.74937343358396,12.325283239533816
4.74937343358396,11.156281211839072
4.7631578947368425,10.929679776864075
4.7631578947368425,11.144573648620373
4.7631578947368425,5.588524594225103
4.7631578947368425,9.770105570262945
4.776942355889724,9.627635589458524
4.776942355889724,12.271915984706354
4.776942355889724,10.878894562526463
4.776942355889724,11.331483845877212
4.776942355889724,5.091081809588895
4.790726817042606,3.568012562815125
4.790726817042606,5.587410399121752
4.790726817042606,-0.8767310028299091
4.790726817042606,3.4362216087360618
4.790726817042606,6.130535451614944
4.804511278195489,16.058179815181113
4.804511278195489,18.03422795417521
4.804511278195489,11.320195036642959
4.804511278195489,15.506070161794373
4.804511278195489,19.83154984767215
4.81829573934837,22.13252648087475
4.81829573934837,24.92640051513471
4.81829573934837,23.408885758861196
4.81829573934837,23.58997981952109
4.81829573934837,18.695038299953673
4.832080200501252,11.115928526157289
4.832080200501252,11.45334968412154
4.832080200501252,5.805842071025215
4.832080200501252,9.830997480675402
4.845864661654135,15.599700886864937
4.845864661654135,19.756006318813792
4.845864661654135,21.938879717816494
4.845864661654135,26.244511224969674
4.845864661654135,30.629573862856578
4.859649122807017,17.283837570064335
4.859649122807017,11.92063128931713
4.859649122807017,16.092010591331327
4.859649122807017,18.047326141355917
4.859649122807017,11.329751745455786
4.8734335839598995,20.021703825721087
4.8734335839598995,24.56847868293672
4.8734335839598995,17.90494217448871
4.8734335839598995,22.042997315102156
4.8734335839598995,26.068765042885126
4.887218045112782,11.657664822621701
4.887218045112782,5.590495500670504
4.887218045112782,9.899830667284
4.887218045112782,11.153186995141816
4.887218045112782,5.625119985914052
4.901002506265664,9.960908903163258
4.901002506265664,5.90718736498834
4.901002506265664,9.667468060351336
4.901002506265664,13.43227212360845
4.9147869674185465,11.22249277085057
4.9147869674185465,5.854948486378863
4.9147869674185465,9.860534825626196
4.9147869674185465,11.863820107590627
4.9147869674185465,5.135485852109201
4.928571428571429,3.4143046218033306
4.928571428571429,6.46350940875147
4.928571428571429,8.957599991086465
4.928571428571429,13.020143309212434
4.928571428571429,15.917822533290543
4.942355889724311,13.7840440997617
4.942355889724311,18.195509245859558
4.942355889724311,11.37998389185501
4.942355889724311,15.694544938935827
4.942355889724311,20.08825430234507
4.956140350877193,5.068245673870157
4.956140350877193,9.521571660580882
4.956140350877193,13.649549935701252
4.956140350877193,17.76726855266341
4.956140350877193,11.063792898868085
4.969924812030075,5.688603096632442
4.969924812030075,9.954797359465108
4.969924812030075,11.736828478741101
4.969924812030075,5.276478492927929
4.983709273182957,11.484993200729356
4.983709273182957,5.133201350237095
4.983709273182957,9.664184192704559
4.983709273182957,12.919926582544639
4.983709273182957,16.189948714648928
4.997493734335839,14.827522360289375
4.997493734335839,18.52377334233666
4.997493734335839,17.90324918998638
4.997493734335839,11.211521948799282
4.997493734335839,15.483841324716531
5.011278195488722,-1.3378727165258915
5.011278195488722,3.228945199174136
5.011278195488722,7.633385450725541
5.011278195488722,12.338022611176378
5.011278195488722,11.370191024911023
5.011278195488722,4.741049324388509
5.0250626566416035,3.3567299067615815
5.0250626566416035,7.904295340137356
5.0250626566416035,12.171226180865071
5.0250626566416035,10.974325232798988
5.0250626566416035,6.169778510837021
5.038847117794486,3.761692985558455
5.038847117794486,-1.2165727189289033
5.038847117794486,3.5491304456191175
5.038847117794486,5.795593852387095
5.038847117794486,-0.7559755641522022
5.038847117794486,3.725128567189486
5.052631578947368,3.6518419049892517
5.052631578947368,5.453193356232658
5.052631578947368,-0.9470195525245283
5.052631578947368,3.6145307705441976
5.052631578947368,4.950007508093589
5.0664160401002505,3.7037682251149646
5.0664160401002505,-0.6931189140892674
5.0664160401002505,3.7502283402929972
5.0664160401002505,-0.767121317900257
5.0664160401002505,3.7199641509668275
5.0664160401002505,-0.3671102846302865
5.080200501253133,3.7369082539288287
5.080200501253133,-1.050826205647995
5.080200501253133,3.650677382620351
5.080200501253133,4.942925347333713
5.080200501253133,-1.0701608921830217
5.093984962406015,3.4758894683481247
5.093984962406015,5.992126068903001
5.093984962406015,5.004437522488068
5.093984962406015,-0.7341604863691114
5.093984962406015,3.824318178715712
5.107769423558897,3.2439038491548553
5.107769423558897,7.706248039124929
5.107769423558897,12.38530304340597
5.107769423558897,11.76491934360424
5.107769423558897,4.968560309352203
5.121553884711779,3.567626930682371
5.121553884711779,5.335983058897665
5.121553884711779,-1.4221402678647457
5.121553884711779,3.3597705947917604
5.121553884711779,7.1627378282297185
5.135338345864661,-0.867767038147854
5.135338345864661,3.752084490417946
5.135338345864661,-0.9834743724744618
5.135338345864661,3.70577674593997
5.135338345864661,-0.21874863713928214
5.149122807017544,3.663257547398814
5.149122807017544,5.4940484049547
5.149122807017544,-1.0418785058344595
5.149122807017544,3.6216995935667775
5.149122807017544,4.984172903265323
5.162907268170426,5.60118859705967
5.162907268170426,-1.2793064460587247
5.162907268170426,3.357753493452084
5.162907268170426,7.150544294241521
5.176691729323308,9.904505129982022
5.176691729323308,11.36409014792037
5.176691729323308,4.713640310682498
5.176691729323308,9.776727442103113
5.176691729323308,12.571726465166478
5.19047619047619,12.149888768216169
5.19047619047619,5.50470076286265
5.19047619047619,10.034209367694391
5.19047619047619,4.9970953964628295
5.19047619047619,9.893789268165742
5.204260651629072,11.930622225787815
5.204260651629072,5.355564285638648
5.204260651629072,9.96957975354466
5.204260651629072,5.77181974580289
5.2180451127819545,3.562262315457742
5.2180451127819545,6.725365936935652
5.2180451127819545,10.276195895157167
5.2180451127819545,4.44529675533216
5.2180451127819545,9.415773403117708
5.231829573934837,9.89012683963628
5.231829573934837,11.37057963930056
5.231829573934837,4.677237909365545
5.231829573934837,9.816819515529435
5.231829573934837,12.27832882577825
5.245614035087719,11.897761101279027
5.245614035087719,5.619815701060662
5.245614035087719,10.181713356738197
5.245614035087719,6.760550581841241
5.2593984962406015,-1.4202000480322319
5.2593984962406015,3.637826289956675
5.2593984962406015,5.024456346354921
5.2593984962406015,-1.4846936373956603
5.2593984962406015,3.6614881403424238
5.273182957393484,12.344755116856364
5.273182957393484,11.077772738839249
5.273182957393484,5.0393929126084025
5.273182957393484,9.962701096831479
5.273182957393484,6.246877927700577
5.286967418546365,5.23010835709433
5.286967418546365,-1.5151914599458087
5.286967418546365,3.4287677933775877
5.286967418546365,6.855846308129703
5.286967418546365,10.0740028202171
5.300751879699248,11.793672604433821
5.300751879699248,4.976206245751215
5.300751879699248,9.844659975818074
5.300751879699248,11.743551551258992
5.31453634085213,23.678021369566814
5.31453634085213,17.50889858845223
5.31453634085213,22.443232936951457
5.31453634085213,23.928994324483103
5.31453634085213,17.12070269453792
5.328320802005012,14.215592694939676
5.328320802005012,18.177593439915743
5.328320802005012,11.42409215656976
5.328320802005012,16.027698198137394
5.328320802005012,18.727577487963195
5.328320802005012,17.50069124720419
5.342105263157895,22.708574758711208
5.342105263157895,18.846705074021926
5.342105263157895,22.499773683128566
5.342105263157895,17.82191241388854
5.342105263157895,22.580235616860904
5.355889724310777,7.22362423967191
5.355889724310777,12.11244501955106
5.355889724310777,5.148846259232677
5.355889724310777,9.7747937706323
5.355889724310777,12.268007678931536
5.3696741854636585,11.509069080920542
5.3696741854636585,4.712654552747392
5.3696741854636585,9.63032349383654
5.3696741854636585,13.803952543805421
5.3696741854636585,18.68381668436314
5.383458646616541,5.636977925545196
5.383458646616541,-1.399262191055023
5.383458646616541,3.4026173657046552
5.383458646616541,7.150330123805621
5.397243107769423,11.711604455279689
5.397243107769423,4.877271281848006
5.397243107769423,9.209474498957256
5.397243107769423,13.732532279025184
5.397243107769423,18.61336288586483
5.4110275689223055,18.183376528379533
5.4110275689223055,11.896683903959032
5.4110275689223055,16.531516565903996
5.4110275689223055,10.280364796704308
5.4110275689223055,16.529550055631262
5.424812030075188,15.690140328494122
5.424812030075188,19.853842296478824
5.424812030075188,24.811600987453613
5.424812030075188,18.154711895773875
5.424812030075188,22.70821302726018
5.43859649122807,16.458174585480315
5.43859649122807,17.347365037911807
5.43859649122807,18.20947702373121
5.43859649122807,11.173133087196172
5.4523809523809526,4.939248081524954
5.4523809523809526,10.006883595754596
5.4523809523809526,5.392994731523234
5.4523809523809526,10.259659665381747
5.4523809523809526,3.9301200257786078
5.466165413533834,14.837707277150837
5.466165413533834,17.404434602264445
5.466165413533834,12.195187175435814
5.466165413533834,16.619355819071007
5.466165413533834,10.754298111016691
5.479949874686716,-0.3249267480310605
5.479949874686716,4.064725480412641
5.479949874686716,-2.13366968945554
5.479949874686716,3.289421309508201
5.479949874686716,8.562292299351373
5.479949874686716,11.00182859665908
5.493734335839599,7.041774821085776
5.493734335839599,12.024640806064497
5.493734335839599,4.935107537955976
5.493734335839599,9.910854128333058
5.493734335839599,11.386030888425728
5.507518796992481,9.758038719262082
5.507518796992481,13.002675395632718
5.507518796992481,16.73403157683338
5.507518796992481,18.000439790406258
5.507518796992481,11.014871017577905
5.521303258145363,5.872825110432632
5.521303258145363,8.714877674590333
5.521303258145363,11.896148697543609
5.521303258145363,5.784935009899452
5.521303258145363,10.475384983228368
5.535087719298246,5.7047655502722385
5.535087719298246,-0.8461906390683709
5.535087719298246,3.9851491088141464
5.535087719298246,-2.1810165455183808
5.548872180451127,10.183721101335854
5.548872180451127,3.914641580942953
5.548872180451127,10.65714834954984
5.548872180451127,13.43887100197872
5.5626566416040095,10.502521329867701
5.5626566416040095,6.596349012766546
5.5626566416040095,9.8813535813647
5.5626566416040095,13.409265796431095
5.576441102756892,4.912319651853925
5.576441102756892,-0.851434853934182
5.576441102756892,4.081006519094203
5.576441102756892,-1.1418708926095713
5.590225563909774,10.146944210850458
5.590225563909774,15.397728572106352
5.590225563909774,18.306699136693847
5.590225563909774,12.613657249331036
5.590225563909774,16.41969072944533
5.6040100250626566,4.847679551097364
5.6040100250626566,9.66729197038286
5.6040100250626566,13.84206030366376
5.6040100250626566,18.83762174485047
5.6040100250626566,18.83842397021654
5.617794486215539,3.2709407360492606
5.617794486215539,8.493364427451162
5.617794486215539,11.301455686602614
5.617794486215539,5.007914082365683
5.617794486215539,10.150947770000014
5.631578947368421,16.001598403925218
5.631578947368421,20.943176801930214
5.631578947368421,24.027455119584726
5.631578947368421,17.15433366986925
5.631578947368421,22.60345279954037
5.645363408521303,11.328096642265352
5.645363408521303,4.512494942457617
5.645363408521303,10.155315519391442
5.645363408521303,9.712956610263072
5.659147869674185,9.40732338309529
5.659147869674185,13.32613248875326
5.659147869674185,16.572658581598994
5.659147869674185,10.394042674365704
5.672932330827067,5.877290857242475
5.672932330827067,8.915862822814969
5.672932330827067,12.259341775873779
5.672932330827067,11.9016326056761
5.672932330827067,4.936926574751443
5.68671679197995,15.930890095144443
5.68671679197995,21.287250022954737
5.68671679197995,23.780877838873092
5.68671679197995,17.58436698326008
5.68671679197995,22.67489714734268
5.700501253132832,11.361710770331602
5.700501253132832,4.672152716634061
5.700501253132832,10.261522691599584
5.700501253132832,3.785545607266659
5.700501253132832,6.245430890503474
5.714285714285714,5.267634569458467
5.714285714285714,6.072952847023703
5.714285714285714,5.5293142521149585
5.714285714285714,-1.4978392583472124
5.714285714285714,4.023970168866002
5.728070175438596,-0.5018174114897219
5.728070175438596,4.398090272967863
5.728070175438596,4.4418857661143685
5.728070175438596,0.4883904308697392
5.741854636591478,3.931511117621475
5.741854636591478,-2.5062150139732546
5.741854636591478,-0.11912520674086108
5.741854636591478,3.560944794213747
5.741854636591478,5.504768305355437
5.741854636591478,-1.3613844522157035
5.7556390977443606,18.04367174014972
5.7556390977443606,11.717331060511523
5.7556390977443606,13.550990478700445
5.7556390977443606,18.071604807581014
5.7556390977443606,10.986303401519097
5.769423558897243,6.759479754892182
5.769423558897243,10.305271128533278
5.769423558897243,3.7723591726923935
5.769423558897243,6.110156683127413
5.783208020050125,3.67359570708469
5.783208020050125,5.56360673190174
5.783208020050125,-1.6299209955207996
5.783208020050125,3.953490444209856
5.783208020050125,-0.6301020670655137
5.796992481203008,10.607562641487812
5.796992481203008,10.710751659705268
5.796992481203008,11.731673649289146
5.796992481203008,4.557296881435135
5.810776942355889,5.76173465904694
5.810776942355889,6.860602104830266
5.810776942355889,5.003490224046911
5.810776942355889,-1.8858793939197143
5.810776942355889,3.9705370465543823
5.824561403508771,17.78876079114867
5.824561403508771,10.959111301592467
5.824561403508771,15.7679608004013
5.824561403508771,21.333754381519338
5.824561403508771,23.48810063722432
5.838345864661654,11.918609714477643
5.838345864661654,4.651877407897731
5.838345864661654,10.223446637400464
5.838345864661654,5.3582691849269235
5.852130325814536,10.736349019090895
5.852130325814536,11.821714309780438
5.852130325814536,13.775540703293238
5.852130325814536,17.2347675828214
5.852130325814536,19.16715420544938
5.865914786967418,-0.1497511288685511
5.865914786967418,-1.1869331117961421
5.865914786967418,-8.100006377504574
5.865914786967418,-2.149494397919844
5.865914786967418,-7.516378895268878
5.879699248120301,5.11967656154178
5.879699248120301,6.106841922617292
5.879699248120301,5.325657658532588
5.879699248120301,-1.7482271111239753
5.893483709273183,10.369602382652415
5.893483709273183,5.3207226592704115
5.893483709273183,5.78487442949466
5.893483709273183,-1.5318226439558509
5.893483709273183,4.003992062854273
5.907268170426065,4.281537614944384
5.907268170426065,4.96888044642951
5.907268170426065,-1.6341779309674207
5.907268170426065,4.170161477470899
5.921052631578947,8.927581909443917
5.921052631578947,12.068424942406692
5.921052631578947,6.090725151947777
5.921052631578947,10.716383513235213
5.921052631578947,10.706454850470571
5.934837092731829,3.993352132806002
5.934837092731829,-2.3568188937740238
5.934837092731829,2.939909607496808
5.934837092731829,3.8751639474598174
5.934837092731829,9.423398114817733
5.948621553884712,1.5333095587292387
5.948621553884712,6.224019162971607
5.948621553884712,6.896176502019302
5.948621553884712,10.620958572092151
5.948621553884712,9.876564702342847
5.962406015037594,10.034775935061628
5.962406015037594,4.9749129711323485
5.962406015037594,10.564583431456338
5.962406015037594,9.661791292834392
5.962406015037594,13.426170797795333
5.976190476190476,4.2257019068898485
5.976190476190476,8.456662367821933
5.976190476190476,11.351105860300455
5.976190476190476,4.507763747892287
5.976190476190476,10.330116033400007
5.989974937343358,10.461439053822982
5.989974937343358,6.899045122653549
5.989974937343358,12.307665517767356
5.989974937343358,5.543729823732483
5.989974937343358,10.550527605631325
6.00375939849624,7.578432503550358
6.00375939849624,12.900160328484134
6.00375939849624,16.958559904110732
6.00375939849624,18.043957247802805
6.00375939849624,20.152972673387463
6.017543859649122,22.878755896817893
6.017543859649122,18.53250987709659
6.017543859649122,21.08624344785362
6.017543859649122,23.941844559678998
6.017543859649122,17.040228798643383
6.017543859649122,22.862382999729668
6.031328320802005,18.31125978568324
6.031328320802005,20.240456649602425
6.031328320802005,22.901676246938468
6.031328320802005,16.430343427042047
6.031328320802005,22.704340794048527
6.045112781954887,23.24791365090408
6.045112781954887,23.95876824903792
6.045112781954887,26.16509788428732
6.045112781954887,29.253322031149143
6.045112781954887,28.42116625754186
6.0588972431077694,9.645897341758053
6.0588972431077694,11.337020891813179
6.0588972431077694,5.420149544381792
6.0588972431077694,10.5916181204109
6.0588972431077694,10.449570205999951
6.072681704260651,13.475413716670307
6.072681704260651,17.05330171640515
6.072681704260651,18.173229341410668
6.072681704260651,20.278554591272165
6.086466165413533,13.348137077607332
6.086466165413533,16.368004306980882
6.086466165413533,17.86910743719826
6.086466165413533,11.202055503323093
6.100250626566416,11.034474652719645
6.100250626566416,15.3311412778301
6.100250626566416,18.506821694263525
6.100250626566416,17.705801002692283
6.100250626566416,10.951941741896947
6.114035087719298,10.440159861622279
6.114035087719298,11.772813878400868
6.114035087719298,4.458014725800941
6.114035087719298,10.485246874748743
6.12781954887218,16.64080120063084
6.12781954887218,11.84768005367941
6.12781954887218,11.915688909312063
6.12781954887218,4.979104831757164
6.12781954887218,11.115452606340273
6.141604010025063,15.732341529004842
6.141604010025063,21.60552911732135
6.141604010025063,23.913815883020714
6.141604010025063,16.967589378307423
6.141604010025063,22.820352638439715
6.155388471177945,11.642544593898128
6.155388471177945,5.323534528042432
6.155388471177945,6.474067223755633
6.155388471177945,9.665209059267635
6.169172932330826,10.923993228520922
6.169172932330826,11.36625124771083
6.169172932330826,13.609947563075623
6.169172932330826,17.32824781713618
6.182957393483709,10.129676579115158
6.182957393483709,6.663258100853829
6.182957393483709,10.682620266500258
6.182957393483709,10.391018877491291
6.196741854636591,12.186626974440102
6.196741854636591,13.902091019921482
6.196741854636591,16.592258139385194
6.196741854636591,11.00976893014647
6.2105263157894735,13.588139487285336
6.2105263157894735,16.816305698088435
6.2105263157894735,17.329854330688082
6.2105263157894735,18.91484704186016
6.2105263157894735,17.093979757190215
6.224310776942356,12.082978928368805
6.224310776942356,13.141235734662596
6.224310776942356,17.230683495370993
6.224310776942356,19.347712867178476
6.224310776942356,11.26599042018096
6.238095238095238,22.863720425274437
6.238095238095238,17.10876598897365
6.238095238095238,19.869526613969292
6.238095238095238,25.04345123690406
6.25187969924812,20.920813411636054
6.25187969924812,24.202833833213273
6.25187969924812,16.940915849068322
6.25187969924812,22.927660771592393
6.25187969924812,18.08895595461247
6.25187969924812,17.952233450335257
6.265664160401002,16.380376055492967
6.265664160401002,12.002858384897658
6.265664160401002,17.130498264869725
6.265664160401002,19.323058532850283
6.265664160401002,11.117403317417798
6.265664160401002,16.41308445127645
6.279448621553884,18.264626322326816
6.279448621553884,20.500221940998635
6.279448621553884,22.203898897863702
6.279448621553884,24.082901670567015
6.279448621553884,17.141662358345908
6.293233082706767,17.171456696673904
6.293233082706767,11.80671455200213
6.293233082706767,16.97303670033112
6.293233082706767,18.23983812306801
6.293233082706767,20.530766195975517
6.307017543859649,27.794542710191546
6.307017543859649,30.500590350632887
6.307017543859649,23.12079743129667
6.307017543859649,29.240048750485627
6.307017543859649,23.783379426168107
6.307017543859649,24.75351840980049
6.320802005012531,11.346960501255893
6.320802005012531,16.84739577827468
6.320802005012531,16.83321915568206
6.320802005012531,10.66592387331793
6.320802005012531,16.549400217419965
6.334586466165414,15.81168359539586
6.334586466165414,24.096882248186645
6.334586466165414,17.277742812662837
6.334586466165414,24.016642749190822
6.334586466165414,16.74448464874645
6.348370927318295,16.75165819350692
6.348370927318295,18.310643929449284
6.348370927318295,10.724097328401575
6.348370927318295,16.94611859510675
6.348370927318295,17.39965762616395
6.3621553884711775,4.995079115506307
6.3621553884711775,7.869523226883255
6.3621553884711775,12.328522101689874
6.3621553884711775,12.153140235599427
6.3621553884711775,4.648249471185124
6.3621553884711775,10.76456178095576
6.37593984962406,25.0776554634113
6.37593984962406,18.84987692297876
6.37593984962406,23.54354638973363
6.37593984962406,25.953041748004924
6.389724310776942,4.214738068419473
6.389724310776942,3.543777223210759
6.389724310776942,10.05971542467401
6.389724310776942,15.899168198998435
6.4035087719298245,31.110681754634427
6.4035087719298245,23.336164141559216
6.4035087719298245,29.300022917143327
6.4035087719298245,29.733573705312445
6.4035087719298245,24.178965539292996
6.417293233082707,10.911604565414763
6.417293233082707,13.316346959340056
6.417293233082707,13.666176156428573
6.417293233082707,19.103632681597638
6.417293233082707,22.414453158442925
6.431077694235588,6.166236324953715
6.431077694235588,-0.09752265365433682
6.431077694235588,4.88590255280733
6.431077694235588,7.72615334494034
6.444862155388471,10.165333277810063
6.444862155388471,16.29276789479491
6.444862155388471,12.068380563244917
6.444862155388471,17.18921246788885
6.444862155388471,19.79184553344706
6.458646616541353,24.638237918625777
6.458646616541353,16.923252194375564
6.458646616541353,23.201309028579455
6.458646616541353,23.663975822135868
6.458646616541353,25.661435120750706
6.458646616541353,17.838687447995355
6.472431077694235,29.045464486645596
6.472431077694235,35.019551331662925
6.472431077694235,36.92090669148786
6.472431077694235,36.971243986599134
6.472431077694235,29.92878772130377
6.486215538847118,4.891114411396391
6.486215538847118,9.94859405200016
6.486215538847118,11.74511641140703
6.486215538847118,5.587692743203104
6.486215538847118,6.440590487887363
6.5,16.98890079006064
6.5,18.441876368350684
6.5,20.65402325044107
6.5,23.329877580344323
6.5,24.964405533485984
